channel,avg_clv,customers
Email,395.45026816279955,797
Organic,360.9278185117967,820
Paid Ads,387.08524002207105,809
Referral,392.340897649454,789
Social Media,381.9671563981043,777
