funnel_stage,Customers,Conversion_Rate
Visit,2053,1.0
Signup,1703,0.8295177788602046
Purchase,1779,1.0446271285965942
Repeat Purchase,1331,0.7481731309724564
